nombrePiloto,referenciaPiloto,codigoPiloto,posicion,vueltaRapidaPersonal,puntos,nombreEscuderia,fecha,nombreGP,circuitoGP,ciudadGP,paisGP
Lewis Hamilton,hamilton,HAM,1,1:34.015,25.0,Mercedes,28/03/2021,Bahrain Grand Prix,Bahrain International Circuit,Sakhir,Bahrain
Max Verstappen,max_verstappen,VER,2,1:33.228,18.0,Red Bull,28/03/2021,Bahrain Grand Prix,Bahrain International Circuit,Sakhir,Bahrain
Valtteri Bottas,bottas,BOT,3,1:32.090,16.0,Mercedes,28/03/2021,Bahrain Grand Prix,Bahrain International Circuit,Sakhir,Bahrain
Lando Norris,norris,NOR,4,1:34.396,12.0,McLaren,28/03/2021,Bahrain Grand Prix,Bahrain International Circuit,Sakhir,Bahrain
Sergio Pérez,perez,PER,5,1:33.970,10.0,Red Bull,28/03/2021,Bahrain Grand Prix,Bahrain International Circuit,Sakhir,Bahrain
Charles Leclerc,leclerc,LEC,6,1:34.988,8.0,Ferrari,28/03/2021,Bahrain Grand Prix,Bahrain International Circuit,Sakhir,Bahrain
Daniel Ricciardo,ricciardo,RIC,7,1:34.932,6.0,McLaren,28/03/2021,Bahrain Grand Prix,Bahrain International Circuit,Sakhir,Bahrain
Carlos Sainz,sainz,SAI,8,1:34.509,4.0,Ferrari,28/03/2021,Bahrain Grand Prix,Bahrain International Circuit,Sakhir,Bahrain
Yuki Tsunoda,tsunoda,TSU,9,1:34.761,2.0,AlphaTauri,28/03/2021,Bahrain Grand Prix,Bahrain International Circuit,Sakhir,Bahrain
Lance Stroll,stroll,STR,10,1:34.865,1.0,Aston Martin,28/03/2021,Bahrain Grand Prix,Bahrain International Circuit,Sakhir,Bahrain
Kimi Räikkönen,raikkonen,RAI,11,1:35.192,0.0,Alfa Romeo,28/03/2021,Bahrain Grand Prix,Bahrain International Circuit,Sakhir,Bahrain
Antonio Giovinazzi,giovinazzi,GIO,12,1:35.122,0.0,Alfa Romeo,28/03/2021,Bahrain Grand Prix,Bahrain International Circuit,Sakhir,Bahrain
Esteban Ocon,ocon,OCO,13,1:35.250,0.0,Alpine F1 Team,28/03/2021,Bahrain Grand Prix,Bahrain International Circuit,Sakhir,Bahrain
George Russell,russell,RUS,14,1:35.036,0.0,Williams,28/03/2021,Bahrain Grand Prix,Bahrain International Circuit,Sakhir,Bahrain
Sebastian Vettel,vettel,VET,15,1:35.566,0.0,Aston Martin,28/03/2021,Bahrain Grand Prix,Bahrain International Circuit,Sakhir,Bahrain
Mick Schumacher,mick_schumacher,MSC,16,1:36.134,0.0,Haas F1 Team,28/03/2021,Bahrain Grand Prix,Bahrain International Circuit,Sakhir,Bahrain
Pierre Gasly,gasly,GAS,17,1:34.090,0.0,AlphaTauri,28/03/2021,Bahrain Grand Prix,Bahrain International Circuit,Sakhir,Bahrain
Nicholas Latifi,latifi,LAT,18,1:36.602,0.0,Williams,28/03/2021,Bahrain Grand Prix,Bahrain International Circuit,Sakhir,Bahrain
Fernando Alonso,alonso,ALO,19,1:36.063,0.0,Alpine F1 Team,28/03/2021,Bahrain Grand Prix,Bahrain International Circuit,Sakhir,Bahrain
Nikita Mazepin,mazepin,MAZ,20,0,0.0,Haas F1 Team,28/03/2021,Bahrain Grand Prix,Bahrain International Circuit,Sakhir,Bahrain
Max Verstappen,max_verstappen,VER,1,1:17.524,25.0,Red Bull,18/04/2021,Emilia Romagna Grand Prix,Autodromo Enzo e Dino Ferrari,Imola,Italy
Lewis Hamilton,hamilton,HAM,2,1:16.702,19.0,Mercedes,18/04/2021,Emilia Romagna Grand Prix,Autodromo Enzo e Dino Ferrari,Imola,Italy
Lando Norris,norris,NOR,3,1:18.259,15.0,McLaren,18/04/2021,Emilia Romagna Grand Prix,Autodromo Enzo e Dino Ferrari,Imola,Italy
Charles Leclerc,leclerc,LEC,4,1:18.379,12.0,Ferrari,18/04/2021,Emilia Romagna Grand Prix,Autodromo Enzo e Dino Ferrari,Imola,Italy
Carlos Sainz,sainz,SAI,5,1:18.490,10.0,Ferrari,18/04/2021,Emilia Romagna Grand Prix,Autodromo Enzo e Dino Ferrari,Imola,Italy
Daniel Ricciardo,ricciardo,RIC,6,1:19.341,8.0,McLaren,18/04/2021,Emilia Romagna Grand Prix,Autodromo Enzo e Dino Ferrari,Imola,Italy
Pierre Gasly,gasly,GAS,7,1:18.994,6.0,AlphaTauri,18/04/2021,Emilia Romagna Grand Prix,Autodromo Enzo e Dino Ferrari,Imola,Italy
Lance Stroll,stroll,STR,8,1:18.782,4.0,Aston Martin,18/04/2021,Emilia Romagna Grand Prix,Autodromo Enzo e Dino Ferrari,Imola,Italy
Esteban Ocon,ocon,OCO,9,1:19.422,2.0,Alpine F1 Team,18/04/2021,Emilia Romagna Grand Prix,Autodromo Enzo e Dino Ferrari,Imola,Italy
Fernando Alonso,alonso,ALO,10,1:19.417,1.0,Alpine F1 Team,18/04/2021,Emilia Romagna Grand Prix,Autodromo Enzo e Dino Ferrari,Imola,Italy
Sergio Pérez,perez,PER,11,1:19.396,0.0,Red Bull,18/04/2021,Emilia Romagna Grand Prix,Autodromo Enzo e Dino Ferrari,Imola,Italy
Yuki Tsunoda,tsunoda,TSU,12,1:18.334,0.0,AlphaTauri,18/04/2021,Emilia Romagna Grand Prix,Autodromo Enzo e Dino Ferrari,Imola,Italy
Kimi Räikkönen,raikkonen,RAI,13,1:18.353,0.0,Alfa Romeo,18/04/2021,Emilia Romagna Grand Prix,Autodromo Enzo e Dino Ferrari,Imola,Italy
Antonio Giovinazzi,giovinazzi,GIO,14,1:19.470,0.0,Alfa Romeo,18/04/2021,Emilia Romagna Grand Prix,Autodromo Enzo e Dino Ferrari,Imola,Italy
Sebastian Vettel,vettel,VET,15,1:19.074,0.0,Aston Martin,18/04/2021,Emilia Romagna Grand Prix,Autodromo Enzo e Dino Ferrari,Imola,Italy
Mick Schumacher,mick_schumacher,MSC,16,1:19.193,0.0,Haas F1 Team,18/04/2021,Emilia Romagna Grand Prix,Autodromo Enzo e Dino Ferrari,Imola,Italy
Nikita Mazepin,mazepin,MAZ,17,1:20.402,0.0,Haas F1 Team,18/04/2021,Emilia Romagna Grand Prix,Autodromo Enzo e Dino Ferrari,Imola,Italy
Valtteri Bottas,bottas,BOT,18,1:28.485,0.0,Mercedes,18/04/2021,Emilia Romagna Grand Prix,Autodromo Enzo e Dino Ferrari,Imola,Italy
George Russell,russell,RUS,19,1:26.543,0.0,Williams,18/04/2021,Emilia Romagna Grand Prix,Autodromo Enzo e Dino Ferrari,Imola,Italy
Nicholas Latifi,latifi,LAT,20,0,0.0,Williams,18/04/2021,Emilia Romagna Grand Prix,Autodromo Enzo e Dino Ferrari,Imola,Italy
Lewis Hamilton,hamilton,HAM,1,1:20.933,25.0,Mercedes,02/05/2021,Portuguese Grand Prix,Autódromo Internacional do Algarve,Portimão,Portugal
Max Verstappen,max_verstappen,VER,2,1:20.695,18.0,Red Bull,02/05/2021,Portuguese Grand Prix,Autódromo Internacional do Algarve,Portimão,Portugal
Valtteri Bottas,bottas,BOT,3,1:19.865,16.0,Mercedes,02/05/2021,Portuguese Grand Prix,Autódromo Internacional do Algarve,Portimão,Portugal
Sergio Pérez,perez,PER,4,1:20.643,12.0,Red Bull,02/05/2021,Portuguese Grand Prix,Autódromo Internacional do Algarve,Portimão,Portugal
Lando Norris,norris,NOR,5,1:21.696,10.0,McLaren,02/05/2021,Portuguese Grand Prix,Autódromo Internacional do Algarve,Portimão,Portugal
Charles Leclerc,leclerc,LEC,6,1:21.496,8.0,Ferrari,02/05/2021,Portuguese Grand Prix,Autódromo Internacional do Algarve,Portimão,Portugal
Esteban Ocon,ocon,OCO,7,1:21.886,6.0,Alpine F1 Team,02/05/2021,Portuguese Grand Prix,Autódromo Internacional do Algarve,Portimão,Portugal
Fernando Alonso,alonso,ALO,8,1:21.032,4.0,Alpine F1 Team,02/05/2021,Portuguese Grand Prix,Autódromo Internacional do Algarve,Portimão,Portugal
Daniel Ricciardo,ricciardo,RIC,9,1:21.987,2.0,McLaren,02/05/2021,Portuguese Grand Prix,Autódromo Internacional do Algarve,Portimão,Portugal
Pierre Gasly,gasly,GAS,10,1:22.014,1.0,AlphaTauri,02/05/2021,Portuguese Grand Prix,Autódromo Internacional do Algarve,Portimão,Portugal
Carlos Sainz,sainz,SAI,11,1:22.325,0.0,Ferrari,02/05/2021,Portuguese Grand Prix,Autódromo Internacional do Algarve,Portimão,Portugal
Antonio Giovinazzi,giovinazzi,GIO,12,1:22.167,0.0,Alfa Romeo,02/05/2021,Portuguese Grand Prix,Autódromo Internacional do Algarve,Portimão,Portugal
Sebastian Vettel,vettel,VET,13,1:22.416,0.0,Aston Martin,02/05/2021,Portuguese Grand Prix,Autódromo Internacional do Algarve,Portimão,Portugal
Lance Stroll,stroll,STR,14,1:21.970,0.0,Aston Martin,02/05/2021,Portuguese Grand Prix,Autódromo Internacional do Algarve,Portimão,Portugal
Yuki Tsunoda,tsunoda,TSU,15,1:22.058,0.0,AlphaTauri,02/05/2021,Portuguese Grand Prix,Autódromo Internacional do Algarve,Portimão,Portugal
George Russell,russell,RUS,16,1:22.654,0.0,Williams,02/05/2021,Portuguese Grand Prix,Autódromo Internacional do Algarve,Portimão,Portugal
Mick Schumacher,mick_schumacher,MSC,17,1:22.755,0.0,Haas F1 Team,02/05/2021,Portuguese Grand Prix,Autódromo Internacional do Algarve,Portimão,Portugal
Nicholas Latifi,latifi,LAT,18,1:23.155,0.0,Williams,02/05/2021,Portuguese Grand Prix,Autódromo Internacional do Algarve,Portimão,Portugal
Nikita Mazepin,mazepin,MAZ,19,1:23.641,0.0,Haas F1 Team,02/05/2021,Portuguese Grand Prix,Autódromo Internacional do Algarve,Portimão,Portugal
Kimi Räikkönen,raikkonen,RAI,20,0,0.0,Alfa Romeo,02/05/2021,Portuguese Grand Prix,Autódromo Internacional do Algarve,Portimão,Portugal
Lewis Hamilton,hamilton,HAM,1,1:20.665,25.0,Mercedes,09/05/2021,Spanish Grand Prix,Circuit de Barcelona-Catalunya,Montmeló,Spain
Max Verstappen,max_verstappen,VER,2,1:18.149,19.0,Red Bull,09/05/2021,Spanish Grand Prix,Circuit de Barcelona-Catalunya,Montmeló,Spain
Valtteri Bottas,bottas,BOT,3,1:19.430,15.0,Mercedes,09/05/2021,Spanish Grand Prix,Circuit de Barcelona-Catalunya,Montmeló,Spain
Charles Leclerc,leclerc,LEC,4,1:20.459,12.0,Ferrari,09/05/2021,Spanish Grand Prix,Circuit de Barcelona-Catalunya,Montmeló,Spain
Sergio Pérez,perez,PER,5,1:19.483,10.0,Red Bull,09/05/2021,Spanish Grand Prix,Circuit de Barcelona-Catalunya,Montmeló,Spain
Daniel Ricciardo,ricciardo,RIC,6,1:21.853,8.0,McLaren,09/05/2021,Spanish Grand Prix,Circuit de Barcelona-Catalunya,Montmeló,Spain
Carlos Sainz,sainz,SAI,7,1:21.568,6.0,Ferrari,09/05/2021,Spanish Grand Prix,Circuit de Barcelona-Catalunya,Montmeló,Spain
Lando Norris,norris,NOR,8,1:21.279,4.0,McLaren,09/05/2021,Spanish Grand Prix,Circuit de Barcelona-Catalunya,Montmeló,Spain
Esteban Ocon,ocon,OCO,9,1:23.311,2.0,Alpine F1 Team,09/05/2021,Spanish Grand Prix,Circuit de Barcelona-Catalunya,Montmeló,Spain
Pierre Gasly,gasly,GAS,10,1:21.375,1.0,AlphaTauri,09/05/2021,Spanish Grand Prix,Circuit de Barcelona-Catalunya,Montmeló,Spain
Lance Stroll,stroll,STR,11,1:22.607,0.0,Aston Martin,09/05/2021,Spanish Grand Prix,Circuit de Barcelona-Catalunya,Montmeló,Spain
Kimi Räikkönen,raikkonen,RAI,12,1:22.868,0.0,Alfa Romeo,09/05/2021,Spanish Grand Prix,Circuit de Barcelona-Catalunya,Montmeló,Spain
Sebastian Vettel,vettel,VET,13,1:22.820,0.0,Aston Martin,09/05/2021,Spanish Grand Prix,Circuit de Barcelona-Catalunya,Montmeló,Spain
George Russell,russell,RUS,14,1:23.208,0.0,Williams,09/05/2021,Spanish Grand Prix,Circuit de Barcelona-Catalunya,Montmeló,Spain
Antonio Giovinazzi,giovinazzi,GIO,15,1:22.802,0.0,Alfa Romeo,09/05/2021,Spanish Grand Prix,Circuit de Barcelona-Catalunya,Montmeló,Spain
Nicholas Latifi,latifi,LAT,16,1:22.905,0.0,Williams,09/05/2021,Spanish Grand Prix,Circuit de Barcelona-Catalunya,Montmeló,Spain
Fernando Alonso,alonso,ALO,17,1:21.182,0.0,Alpine F1 Team,09/05/2021,Spanish Grand Prix,Circuit de Barcelona-Catalunya,Montmeló,Spain
Mick Schumacher,mick_schumacher,MSC,18,1:22.637,0.0,Haas F1 Team,09/05/2021,Spanish Grand Prix,Circuit de Barcelona-Catalunya,Montmeló,Spain
Nikita Mazepin,mazepin,MAZ,19,1:24.040,0.0,Haas F1 Team,09/05/2021,Spanish Grand Prix,Circuit de Barcelona-Catalunya,Montmeló,Spain
Yuki Tsunoda,tsunoda,TSU,20,1:24.825,0.0,AlphaTauri,09/05/2021,Spanish Grand Prix,Circuit de Barcelona-Catalunya,Montmeló,Spain
Max Verstappen,max_verstappen,VER,1,1:14.649,25.0,Red Bull,23/05/2021,Monaco Grand Prix,Circuit de Monaco,Monte-Carlo,Monaco
Carlos Sainz,sainz,SAI,2,1:14.621,18.0,Ferrari,23/05/2021,Monaco Grand Prix,Circuit de Monaco,Monte-Carlo,Monaco
Lando Norris,norris,NOR,3,1:14.670,15.0,McLaren,23/05/2021,Monaco Grand Prix,Circuit de Monaco,Monte-Carlo,Monaco
Sergio Pérez,perez,PER,4,1:14.552,12.0,Red Bull,23/05/2021,Monaco Grand Prix,Circuit de Monaco,Monte-Carlo,Monaco
Sebastian Vettel,vettel,VET,5,1:15.316,10.0,Aston Martin,23/05/2021,Monaco Grand Prix,Circuit de Monaco,Monte-Carlo,Monaco
Pierre Gasly,gasly,GAS,6,1:15.412,8.0,AlphaTauri,23/05/2021,Monaco Grand Prix,Circuit de Monaco,Monte-Carlo,Monaco
Lewis Hamilton,hamilton,HAM,7,1:12.909,7.0,Mercedes,23/05/2021,Monaco Grand Prix,Circuit de Monaco,Monte-Carlo,Monaco
Lance Stroll,stroll,STR,8,1:14.674,4.0,Aston Martin,23/05/2021,Monaco Grand Prix,Circuit de Monaco,Monte-Carlo,Monaco
Esteban Ocon,ocon,OCO,9,1:15.316,2.0,Alpine F1 Team,23/05/2021,Monaco Grand Prix,Circuit de Monaco,Monte-Carlo,Monaco
Antonio Giovinazzi,giovinazzi,GIO,10,1:15.331,1.0,Alfa Romeo,23/05/2021,Monaco Grand Prix,Circuit de Monaco,Monte-Carlo,Monaco
Kimi Räikkönen,raikkonen,RAI,11,1:14.971,0.0,Alfa Romeo,23/05/2021,Monaco Grand Prix,Circuit de Monaco,Monte-Carlo,Monaco
Daniel Ricciardo,ricciardo,RIC,12,1:14.578,0.0,McLaren,23/05/2021,Monaco Grand Prix,Circuit de Monaco,Monte-Carlo,Monaco
Fernando Alonso,alonso,ALO,13,1:15.026,0.0,Alpine F1 Team,23/05/2021,Monaco Grand Prix,Circuit de Monaco,Monte-Carlo,Monaco
George Russell,russell,RUS,14,1:15.539,0.0,Williams,23/05/2021,Monaco Grand Prix,Circuit de Monaco,Monte-Carlo,Monaco
Nicholas Latifi,latifi,LAT,15,1:15.573,0.0,Williams,23/05/2021,Monaco Grand Prix,Circuit de Monaco,Monte-Carlo,Monaco
Yuki Tsunoda,tsunoda,TSU,16,1:14.037,0.0,AlphaTauri,23/05/2021,Monaco Grand Prix,Circuit de Monaco,Monte-Carlo,Monaco
Nikita Mazepin,mazepin,MAZ,17,1:16.866,0.0,Haas F1 Team,23/05/2021,Monaco Grand Prix,Circuit de Monaco,Monte-Carlo,Monaco
Mick Schumacher,mick_schumacher,MSC,18,1:16.425,0.0,Haas F1 Team,23/05/2021,Monaco Grand Prix,Circuit de Monaco,Monte-Carlo,Monaco
Valtteri Bottas,bottas,BOT,19,1:15.706,0.0,Mercedes,23/05/2021,Monaco Grand Prix,Circuit de Monaco,Monte-Carlo,Monaco
Charles Leclerc,leclerc,LEC,20,0,0.0,Ferrari,23/05/2021,Monaco Grand Prix,Circuit de Monaco,Monte-Carlo,Monaco
Sergio Pérez,perez,PER,1,1:44.687,25.0,Red Bull,06/06/2021,Azerbaijan Grand Prix,Baku City Circuit,Baku,Azerbaijan
Sebastian Vettel,vettel,VET,2,1:44.890,18.0,Aston Martin,06/06/2021,Azerbaijan Grand Prix,Baku City Circuit,Baku,Azerbaijan
Pierre Gasly,gasly,GAS,3,1:45.220,15.0,AlphaTauri,06/06/2021,Azerbaijan Grand Prix,Baku City Circuit,Baku,Azerbaijan
Charles Leclerc,leclerc,LEC,4,1:45.382,12.0,Ferrari,06/06/2021,Azerbaijan Grand Prix,Baku City Circuit,Baku,Azerbaijan
Lando Norris,norris,NOR,5,1:45.326,10.0,McLaren,06/06/2021,Azerbaijan Grand Prix,Baku City Circuit,Baku,Azerbaijan
Fernando Alonso,alonso,ALO,6,1:45.624,8.0,Alpine F1 Team,06/06/2021,Azerbaijan Grand Prix,Baku City Circuit,Baku,Azerbaijan
Yuki Tsunoda,tsunoda,TSU,7,1:44.939,6.0,AlphaTauri,06/06/2021,Azerbaijan Grand Prix,Baku City Circuit,Baku,Azerbaijan
Carlos Sainz,sainz,SAI,8,1:45.700,4.0,Ferrari,06/06/2021,Azerbaijan Grand Prix,Baku City Circuit,Baku,Azerbaijan
Daniel Ricciardo,ricciardo,RIC,9,1:45.713,2.0,McLaren,06/06/2021,Azerbaijan Grand Prix,Baku City Circuit,Baku,Azerbaijan
Kimi Räikkönen,raikkonen,RAI,10,1:45.601,1.0,Alfa Romeo,06/06/2021,Azerbaijan Grand Prix,Baku City Circuit,Baku,Azerbaijan
Antonio Giovinazzi,giovinazzi,GIO,11,1:45.575,0.0,Alfa Romeo,06/06/2021,Azerbaijan Grand Prix,Baku City Circuit,Baku,Azerbaijan
Valtteri Bottas,bottas,BOT,12,1:45.665,0.0,Mercedes,06/06/2021,Azerbaijan Grand Prix,Baku City Circuit,Baku,Azerbaijan
Mick Schumacher,mick_schumacher,MSC,13,1:47.624,0.0,Haas F1 Team,06/06/2021,Azerbaijan Grand Prix,Baku City Circuit,Baku,Azerbaijan
Nikita Mazepin,mazepin,MAZ,14,1:47.747,0.0,Haas F1 Team,06/06/2021,Azerbaijan Grand Prix,Baku City Circuit,Baku,Azerbaijan
Lewis Hamilton,hamilton,HAM,15,1:44.769,0.0,Mercedes,06/06/2021,Azerbaijan Grand Prix,Baku City Circuit,Baku,Azerbaijan
Nicholas Latifi,latifi,LAT,16,1:46.608,0.0,Williams,06/06/2021,Azerbaijan Grand Prix,Baku City Circuit,Baku,Azerbaijan
George Russell,russell,RUS,17,1:45.959,0.0,Williams,06/06/2021,Azerbaijan Grand Prix,Baku City Circuit,Baku,Azerbaijan
Max Verstappen,max_verstappen,VER,18,1:44.481,0.0,Red Bull,06/06/2021,Azerbaijan Grand Prix,Baku City Circuit,Baku,Azerbaijan
Lance Stroll,stroll,STR,19,1:46.207,0.0,Aston Martin,06/06/2021,Azerbaijan Grand Prix,Baku City Circuit,Baku,Azerbaijan
Esteban Ocon,ocon,OCO,20,1:50.850,0.0,Alpine F1 Team,06/06/2021,Azerbaijan Grand Prix,Baku City Circuit,Baku,Azerbaijan
Max Verstappen,max_verstappen,VER,1,1:36.404,26.0,Red Bull,20/06/2021,French Grand Prix,Circuit Paul Ricard,Le Castellet,France
Lewis Hamilton,hamilton,HAM,2,1:37.410,18.0,Mercedes,20/06/2021,French Grand Prix,Circuit Paul Ricard,Le Castellet,France
Sergio Pérez,perez,PER,3,1:36.693,15.0,Red Bull,20/06/2021,French Grand Prix,Circuit Paul Ricard,Le Castellet,France
Valtteri Bottas,bottas,BOT,4,1:36.960,12.0,Mercedes,20/06/2021,French Grand Prix,Circuit Paul Ricard,Le Castellet,France
Lando Norris,norris,NOR,5,1:37.425,10.0,McLaren,20/06/2021,French Grand Prix,Circuit Paul Ricard,Le Castellet,France
Daniel Ricciardo,ricciardo,RIC,6,1:38.324,8.0,McLaren,20/06/2021,French Grand Prix,Circuit Paul Ricard,Le Castellet,France
Pierre Gasly,gasly,GAS,7,1:38.103,6.0,AlphaTauri,20/06/2021,French Grand Prix,Circuit Paul Ricard,Le Castellet,France
Fernando Alonso,alonso,ALO,8,1:37.646,4.0,Alpine F1 Team,20/06/2021,French Grand Prix,Circuit Paul Ricard,Le Castellet,France
Sebastian Vettel,vettel,VET,9,1:37.138,2.0,Aston Martin,20/06/2021,French Grand Prix,Circuit Paul Ricard,Le Castellet,France
Lance Stroll,stroll,STR,10,1:37.828,1.0,Aston Martin,20/06/2021,French Grand Prix,Circuit Paul Ricard,Le Castellet,France
Carlos Sainz,sainz,SAI,11,1:38.931,0.0,Ferrari,20/06/2021,French Grand Prix,Circuit Paul Ricard,Le Castellet,France
George Russell,russell,RUS,12,1:38.314,0.0,Williams,20/06/2021,French Grand Prix,Circuit Paul Ricard,Le Castellet,France
Yuki Tsunoda,tsunoda,TSU,13,1:38.980,0.0,AlphaTauri,20/06/2021,French Grand Prix,Circuit Paul Ricard,Le Castellet,France
Esteban Ocon,ocon,OCO,14,1:38.645,0.0,Alpine F1 Team,20/06/2021,French Grand Prix,Circuit Paul Ricard,Le Castellet,France
Antonio Giovinazzi,giovinazzi,GIO,15,1:38.702,0.0,Alfa Romeo,20/06/2021,French Grand Prix,Circuit Paul Ricard,Le Castellet,France
Charles Leclerc,leclerc,LEC,16,1:37.681,0.0,Ferrari,20/06/2021,French Grand Prix,Circuit Paul Ricard,Le Castellet,France
Kimi Räikkönen,raikkonen,RAI,17,1:37.992,0.0,Alfa Romeo,20/06/2021,French Grand Prix,Circuit Paul Ricard,Le Castellet,France
Nicholas Latifi,latifi,LAT,18,1:38.313,0.0,Williams,20/06/2021,French Grand Prix,Circuit Paul Ricard,Le Castellet,France
Mick Schumacher,mick_schumacher,MSC,19,1:38.847,0.0,Haas F1 Team,20/06/2021,French Grand Prix,Circuit Paul Ricard,Le Castellet,France
Nikita Mazepin,mazepin,MAZ,20,1:39.317,0.0,Haas F1 Team,20/06/2021,French Grand Prix,Circuit Paul Ricard,Le Castellet,France
Max Verstappen,max_verstappen,VER,1,1:08.017,25.0,Red Bull,27/06/2021,Styrian Grand Prix,Red Bull Ring,Spielberg,Austria
Lewis Hamilton,hamilton,HAM,2,1:07.058,19.0,Mercedes,27/06/2021,Styrian Grand Prix,Red Bull Ring,Spielberg,Austria
Valtteri Bottas,bottas,BOT,3,1:08.619,15.0,Mercedes,27/06/2021,Styrian Grand Prix,Red Bull Ring,Spielberg,Austria
Sergio Pérez,perez,PER,4,1:07.894,12.0,Red Bull,27/06/2021,Styrian Grand Prix,Red Bull Ring,Spielberg,Austria
Lando Norris,norris,NOR,5,1:08.903,10.0,McLaren,27/06/2021,Styrian Grand Prix,Red Bull Ring,Spielberg,Austria
Carlos Sainz,sainz,SAI,6,1:08.609,8.0,Ferrari,27/06/2021,Styrian Grand Prix,Red Bull Ring,Spielberg,Austria
Charles Leclerc,leclerc,LEC,7,1:08.738,6.0,Ferrari,27/06/2021,Styrian Grand Prix,Red Bull Ring,Spielberg,Austria
Lance Stroll,stroll,STR,8,1:09.787,4.0,Aston Martin,27/06/2021,Styrian Grand Prix,Red Bull Ring,Spielberg,Austria
Fernando Alonso,alonso,ALO,9,1:09.749,2.0,Alpine F1 Team,27/06/2021,Styrian Grand Prix,Red Bull Ring,Spielberg,Austria
Yuki Tsunoda,tsunoda,TSU,10,1:09.650,1.0,AlphaTauri,27/06/2021,Styrian Grand Prix,Red Bull Ring,Spielberg,Austria
Kimi Räikkönen,raikkonen,RAI,11,1:09.128,0.0,Alfa Romeo,27/06/2021,Styrian Grand Prix,Red Bull Ring,Spielberg,Austria
Sebastian Vettel,vettel,VET,12,1:09.821,0.0,Aston Martin,27/06/2021,Styrian Grand Prix,Red Bull Ring,Spielberg,Austria
Daniel Ricciardo,ricciardo,RIC,13,1:09.305,0.0,McLaren,27/06/2021,Styrian Grand Prix,Red Bull Ring,Spielberg,Austria
Esteban Ocon,ocon,OCO,14,1:09.576,0.0,Alpine F1 Team,27/06/2021,Styrian Grand Prix,Red Bull Ring,Spielberg,Austria
Antonio Giovinazzi,giovinazzi,GIO,15,1:09.723,0.0,Alfa Romeo,27/06/2021,Styrian Grand Prix,Red Bull Ring,Spielberg,Austria
Mick Schumacher,mick_schumacher,MSC,16,1:10.005,0.0,Haas F1 Team,27/06/2021,Styrian Grand Prix,Red Bull Ring,Spielberg,Austria
Nicholas Latifi,latifi,LAT,17,1:10.104,0.0,Williams,27/06/2021,Styrian Grand Prix,Red Bull Ring,Spielberg,Austria
Nikita Mazepin,mazepin,MAZ,18,1:10.951,0.0,Haas F1 Team,27/06/2021,Styrian Grand Prix,Red Bull Ring,Spielberg,Austria
George Russell,russell,RUS,19,1:10.499,0.0,Williams,27/06/2021,Styrian Grand Prix,Red Bull Ring,Spielberg,Austria
Pierre Gasly,gasly,GAS,20,0,0.0,AlphaTauri,27/06/2021,Styrian Grand Prix,Red Bull Ring,Spielberg,Austria
Max Verstappen,max_verstappen,VER,1,1:06.200,26.0,Red Bull,04/07/2021,Austrian Grand Prix,Red Bull Ring,Spielberg,Austria
Valtteri Bottas,bottas,BOT,2,1:08.374,18.0,Mercedes,04/07/2021,Austrian Grand Prix,Red Bull Ring,Spielberg,Austria
Lando Norris,norris,NOR,3,1:08.471,15.0,McLaren,04/07/2021,Austrian Grand Prix,Red Bull Ring,Spielberg,Austria
Lewis Hamilton,hamilton,HAM,4,1:08.126,12.0,Mercedes,04/07/2021,Austrian Grand Prix,Red Bull Ring,Spielberg,Austria
Carlos Sainz,sainz,SAI,5,1:07.762,10.0,Ferrari,04/07/2021,Austrian Grand Prix,Red Bull Ring,Spielberg,Austria
Sergio Pérez,perez,PER,6,1:08.192,8.0,Red Bull,04/07/2021,Austrian Grand Prix,Red Bull Ring,Spielberg,Austria
Daniel Ricciardo,ricciardo,RIC,7,1:08.820,6.0,McLaren,04/07/2021,Austrian Grand Prix,Red Bull Ring,Spielberg,Austria
Charles Leclerc,leclerc,LEC,8,1:08.698,4.0,Ferrari,04/07/2021,Austrian Grand Prix,Red Bull Ring,Spielberg,Austria
Pierre Gasly,gasly,GAS,9,1:08.146,2.0,AlphaTauri,04/07/2021,Austrian Grand Prix,Red Bull Ring,Spielberg,Austria
Fernando Alonso,alonso,ALO,10,1:08.405,1.0,Alpine F1 Team,04/07/2021,Austrian Grand Prix,Red Bull Ring,Spielberg,Austria
George Russell,russell,RUS,11,1:08.900,0.0,Williams,04/07/2021,Austrian Grand Prix,Red Bull Ring,Spielberg,Austria
Yuki Tsunoda,tsunoda,TSU,12,1:08.455,0.0,AlphaTauri,04/07/2021,Austrian Grand Prix,Red Bull Ring,Spielberg,Austria
Lance Stroll,stroll,STR,13,1:08.659,0.0,Aston Martin,04/07/2021,Austrian Grand Prix,Red Bull Ring,Spielberg,Austria
Antonio Giovinazzi,giovinazzi,GIO,14,1:09.042,0.0,Alfa Romeo,04/07/2021,Austrian Grand Prix,Red Bull Ring,Spielberg,Austria
Kimi Räikkönen,raikkonen,RAI,15,1:08.874,0.0,Alfa Romeo,04/07/2021,Austrian Grand Prix,Red Bull Ring,Spielberg,Austria
Nicholas Latifi,latifi,LAT,16,1:08.520,0.0,Williams,04/07/2021,Austrian Grand Prix,Red Bull Ring,Spielberg,Austria
Sebastian Vettel,vettel,VET,17,1:08.420,0.0,Aston Martin,04/07/2021,Austrian Grand Prix,Red Bull Ring,Spielberg,Austria
Mick Schumacher,mick_schumacher,MSC,18,1:09.394,0.0,Haas F1 Team,04/07/2021,Austrian Grand Prix,Red Bull Ring,Spielberg,Austria
Nikita Mazepin,mazepin,MAZ,19,1:09.757,0.0,Haas F1 Team,04/07/2021,Austrian Grand Prix,Red Bull Ring,Spielberg,Austria
Esteban Ocon,ocon,OCO,20,0,0.0,Alpine F1 Team,04/07/2021,Austrian Grand Prix,Red Bull Ring,Spielberg,Austria
Lewis Hamilton,hamilton,HAM,1,1:29.699,25.0,Mercedes,18/07/2021,British Grand Prix,Silverstone Circuit,Silverstone,UK
Charles Leclerc,leclerc,LEC,2,1:30.569,18.0,Ferrari,18/07/2021,British Grand Prix,Silverstone Circuit,Silverstone,UK
Valtteri Bottas,bottas,BOT,3,1:30.524,15.0,Mercedes,18/07/2021,British Grand Prix,Silverstone Circuit,Silverstone,UK
Lando Norris,norris,NOR,4,1:31.420,12.0,McLaren,18/07/2021,British Grand Prix,Silverstone Circuit,Silverstone,UK
Daniel Ricciardo,ricciardo,RIC,5,1:31.284,10.0,McLaren,18/07/2021,British Grand Prix,Silverstone Circuit,Silverstone,UK
Carlos Sainz,sainz,SAI,6,1:31.223,8.0,Ferrari,18/07/2021,British Grand Prix,Silverstone Circuit,Silverstone,UK
Fernando Alonso,alonso,ALO,7,1:31.698,6.0,Alpine F1 Team,18/07/2021,British Grand Prix,Silverstone Circuit,Silverstone,UK
Lance Stroll,stroll,STR,8,1:31.992,4.0,Aston Martin,18/07/2021,British Grand Prix,Silverstone Circuit,Silverstone,UK
Esteban Ocon,ocon,OCO,9,1:32.210,2.0,Alpine F1 Team,18/07/2021,British Grand Prix,Silverstone Circuit,Silverstone,UK
Yuki Tsunoda,tsunoda,TSU,10,1:30.826,1.0,AlphaTauri,18/07/2021,British Grand Prix,Silverstone Circuit,Silverstone,UK
Pierre Gasly,gasly,GAS,11,1:30.266,0.0,AlphaTauri,18/07/2021,British Grand Prix,Silverstone Circuit,Silverstone,UK
George Russell,russell,RUS,12,1:32.049,0.0,Williams,18/07/2021,British Grand Prix,Silverstone Circuit,Silverstone,UK
Antonio Giovinazzi,giovinazzi,GIO,13,1:32.346,0.0,Alfa Romeo,18/07/2021,British Grand Prix,Silverstone Circuit,Silverstone,UK
Nicholas Latifi,latifi,LAT,14,1:32.477,0.0,Williams,18/07/2021,British Grand Prix,Silverstone Circuit,Silverstone,UK
Kimi Räikkönen,raikkonen,RAI,15,1:31.895,0.0,Alfa Romeo,18/07/2021,British Grand Prix,Silverstone Circuit,Silverstone,UK
Sergio Pérez,perez,PER,16,1:28.617,0.0,Red Bull,18/07/2021,British Grand Prix,Silverstone Circuit,Silverstone,UK
Nikita Mazepin,mazepin,MAZ,17,1:32.909,0.0,Haas F1 Team,18/07/2021,British Grand Prix,Silverstone Circuit,Silverstone,UK
Mick Schumacher,mick_schumacher,MSC,18,1:32.862,0.0,Haas F1 Team,18/07/2021,British Grand Prix,Silverstone Circuit,Silverstone,UK
Sebastian Vettel,vettel,VET,19,1:33.059,0.0,Aston Martin,18/07/2021,British Grand Prix,Silverstone Circuit,Silverstone,UK
Max Verstappen,max_verstappen,VER,20,0,0.0,Red Bull,18/07/2021,British Grand Prix,Silverstone Circuit,Silverstone,UK
Esteban Ocon,ocon,OCO,1,1:21.421,25.0,Alpine F1 Team,01/08/2021,Hungarian Grand Prix,Hungaroring,Budapest,Hungary
Lewis Hamilton,hamilton,HAM,2,1:18.715,18.0,Mercedes,01/08/2021,Hungarian Grand Prix,Hungaroring,Budapest,Hungary
Carlos Sainz,sainz,SAI,3,1:21.423,15.0,Ferrari,01/08/2021,Hungarian Grand Prix,Hungaroring,Budapest,Hungary
Fernando Alonso,alonso,ALO,4,1:20.359,12.0,Alpine F1 Team,01/08/2021,Hungarian Grand Prix,Hungaroring,Budapest,Hungary
Pierre Gasly,gasly,GAS,5,1:18.394,11.0,AlphaTauri,01/08/2021,Hungarian Grand Prix,Hungaroring,Budapest,Hungary
Yuki Tsunoda,tsunoda,TSU,6,1:22.450,8.0,AlphaTauri,01/08/2021,Hungarian Grand Prix,Hungaroring,Budapest,Hungary
Nicholas Latifi,latifi,LAT,7,1:22.831,6.0,Williams,01/08/2021,Hungarian Grand Prix,Hungaroring,Budapest,Hungary
George Russell,russell,RUS,8,1:22.112,4.0,Williams,01/08/2021,Hungarian Grand Prix,Hungaroring,Budapest,Hungary
Max Verstappen,max_verstappen,VER,9,1:20.945,2.0,Red Bull,01/08/2021,Hungarian Grand Prix,Hungaroring,Budapest,Hungary
Kimi Räikkönen,raikkonen,RAI,10,1:21.518,1.0,Alfa Romeo,01/08/2021,Hungarian Grand Prix,Hungaroring,Budapest,Hungary
Daniel Ricciardo,ricciardo,RIC,11,1:22.802,0.0,McLaren,01/08/2021,Hungarian Grand Prix,Hungaroring,Budapest,Hungary
Mick Schumacher,mick_schumacher,MSC,12,1:22.711,0.0,Haas F1 Team,01/08/2021,Hungarian Grand Prix,Hungaroring,Budapest,Hungary
Antonio Giovinazzi,giovinazzi,GIO,13,1:22.736,0.0,Alfa Romeo,01/08/2021,Hungarian Grand Prix,Hungaroring,Budapest,Hungary
Nikita Mazepin,mazepin,MAZ,14,0,0.0,Haas F1 Team,01/08/2021,Hungarian Grand Prix,Hungaroring,Budapest,Hungary
Lando Norris,norris,NOR,15,0,0.0,McLaren,01/08/2021,Hungarian Grand Prix,Hungaroring,Budapest,Hungary
Valtteri Bottas,bottas,BOT,16,0,0.0,Mercedes,01/08/2021,Hungarian Grand Prix,Hungaroring,Budapest,Hungary
Sergio Pérez,perez,PER,17,0,0.0,Red Bull,01/08/2021,Hungarian Grand Prix,Hungaroring,Budapest,Hungary
Charles Leclerc,leclerc,LEC,18,0,0.0,Ferrari,01/08/2021,Hungarian Grand Prix,Hungaroring,Budapest,Hungary
Lance Stroll,stroll,STR,19,0,0.0,Aston Martin,01/08/2021,Hungarian Grand Prix,Hungaroring,Budapest,Hungary
Sebastian Vettel,vettel,VET,20,1:21.459,0.0,Aston Martin,01/08/2021,Hungarian Grand Prix,Hungaroring,Budapest,Hungary
Max Verstappen,max_verstappen,VER,1,0,12.5,Red Bull,29/08/2021,Belgian Grand Prix,Circuit de Spa-Francorchamps,Spa,Belgium
George Russell,russell,RUS,2,0,9.0,Williams,29/08/2021,Belgian Grand Prix,Circuit de Spa-Francorchamps,Spa,Belgium
Lewis Hamilton,hamilton,HAM,3,0,7.5,Mercedes,29/08/2021,Belgian Grand Prix,Circuit de Spa-Francorchamps,Spa,Belgium
Daniel Ricciardo,ricciardo,RIC,4,0,6.0,McLaren,29/08/2021,Belgian Grand Prix,Circuit de Spa-Francorchamps,Spa,Belgium
Sebastian Vettel,vettel,VET,5,0,5.0,Aston Martin,29/08/2021,Belgian Grand Prix,Circuit de Spa-Francorchamps,Spa,Belgium
Pierre Gasly,gasly,GAS,6,0,4.0,AlphaTauri,29/08/2021,Belgian Grand Prix,Circuit de Spa-Francorchamps,Spa,Belgium
Esteban Ocon,ocon,OCO,7,0,3.0,Alpine F1 Team,29/08/2021,Belgian Grand Prix,Circuit de Spa-Francorchamps,Spa,Belgium
Charles Leclerc,leclerc,LEC,8,0,2.0,Ferrari,29/08/2021,Belgian Grand Prix,Circuit de Spa-Francorchamps,Spa,Belgium
Nicholas Latifi,latifi,LAT,9,0,1.0,Williams,29/08/2021,Belgian Grand Prix,Circuit de Spa-Francorchamps,Spa,Belgium
Carlos Sainz,sainz,SAI,10,0,0.5,Ferrari,29/08/2021,Belgian Grand Prix,Circuit de Spa-Francorchamps,Spa,Belgium
Fernando Alonso,alonso,ALO,11,0,0.0,Alpine F1 Team,29/08/2021,Belgian Grand Prix,Circuit de Spa-Francorchamps,Spa,Belgium
Valtteri Bottas,bottas,BOT,12,0,0.0,Mercedes,29/08/2021,Belgian Grand Prix,Circuit de Spa-Francorchamps,Spa,Belgium
Antonio Giovinazzi,giovinazzi,GIO,13,0,0.0,Alfa Romeo,29/08/2021,Belgian Grand Prix,Circuit de Spa-Francorchamps,Spa,Belgium
Lando Norris,norris,NOR,14,0,0.0,McLaren,29/08/2021,Belgian Grand Prix,Circuit de Spa-Francorchamps,Spa,Belgium
Yuki Tsunoda,tsunoda,TSU,15,0,0.0,AlphaTauri,29/08/2021,Belgian Grand Prix,Circuit de Spa-Francorchamps,Spa,Belgium
Mick Schumacher,mick_schumacher,MSC,16,0,0.0,Haas F1 Team,29/08/2021,Belgian Grand Prix,Circuit de Spa-Francorchamps,Spa,Belgium
Nikita Mazepin,mazepin,MAZ,17,0,0.0,Haas F1 Team,29/08/2021,Belgian Grand Prix,Circuit de Spa-Francorchamps,Spa,Belgium
Kimi Räikkönen,raikkonen,RAI,18,0,0.0,Alfa Romeo,29/08/2021,Belgian Grand Prix,Circuit de Spa-Francorchamps,Spa,Belgium
Sergio Pérez,perez,PER,19,0,0.0,Red Bull,29/08/2021,Belgian Grand Prix,Circuit de Spa-Francorchamps,Spa,Belgium
Lance Stroll,stroll,STR,20,0,0.0,Aston Martin,29/08/2021,Belgian Grand Prix,Circuit de Spa-Francorchamps,Spa,Belgium
Max Verstappen,max_verstappen,VER,1,1:13.275,25.0,Red Bull,05/09/2021,Dutch Grand Prix,Circuit Park Zandvoort,Zandvoort,Netherlands
Lewis Hamilton,hamilton,HAM,2,1:11.097,19.0,Mercedes,05/09/2021,Dutch Grand Prix,Circuit Park Zandvoort,Zandvoort,Netherlands
Valtteri Bottas,bottas,BOT,3,1:12.549,15.0,Mercedes,05/09/2021,Dutch Grand Prix,Circuit Park Zandvoort,Zandvoort,Netherlands
Pierre Gasly,gasly,GAS,4,1:14.818,12.0,AlphaTauri,05/09/2021,Dutch Grand Prix,Circuit Park Zandvoort,Zandvoort,Netherlands
Charles Leclerc,leclerc,LEC,5,1:14.780,10.0,Ferrari,05/09/2021,Dutch Grand Prix,Circuit Park Zandvoort,Zandvoort,Netherlands
Fernando Alonso,alonso,ALO,6,1:14.323,8.0,Alpine F1 Team,05/09/2021,Dutch Grand Prix,Circuit Park Zandvoort,Zandvoort,Netherlands
Carlos Sainz,sainz,SAI,7,1:15.260,6.0,Ferrari,05/09/2021,Dutch Grand Prix,Circuit Park Zandvoort,Zandvoort,Netherlands
Sergio Pérez,perez,PER,8,1:13.461,4.0,Red Bull,05/09/2021,Dutch Grand Prix,Circuit Park Zandvoort,Zandvoort,Netherlands
Esteban Ocon,ocon,OCO,9,1:14.675,2.0,Alpine F1 Team,05/09/2021,Dutch Grand Prix,Circuit Park Zandvoort,Zandvoort,Netherlands
Lando Norris,norris,NOR,10,1:14.236,1.0,McLaren,05/09/2021,Dutch Grand Prix,Circuit Park Zandvoort,Zandvoort,Netherlands
Daniel Ricciardo,ricciardo,RIC,11,1:14.920,0.0,McLaren,05/09/2021,Dutch Grand Prix,Circuit Park Zandvoort,Zandvoort,Netherlands
Lance Stroll,stroll,STR,12,1:15.611,0.0,Aston Martin,05/09/2021,Dutch Grand Prix,Circuit Park Zandvoort,Zandvoort,Netherlands
Sebastian Vettel,vettel,VET,13,1:13.958,0.0,Aston Martin,05/09/2021,Dutch Grand Prix,Circuit Park Zandvoort,Zandvoort,Netherlands
Antonio Giovinazzi,giovinazzi,GIO,14,1:15.125,0.0,Alfa Romeo,05/09/2021,Dutch Grand Prix,Circuit Park Zandvoort,Zandvoort,Netherlands
Robert Kubica,kubica,KUB,15,1:15.442,0.0,Alfa Romeo,05/09/2021,Dutch Grand Prix,Circuit Park Zandvoort,Zandvoort,Netherlands
Nicholas Latifi,latifi,LAT,16,1:15.790,0.0,Williams,05/09/2021,Dutch Grand Prix,Circuit Park Zandvoort,Zandvoort,Netherlands
George Russell,russell,RUS,17,1:15.628,0.0,Williams,05/09/2021,Dutch Grand Prix,Circuit Park Zandvoort,Zandvoort,Netherlands
Mick Schumacher,mick_schumacher,MSC,18,1:15.927,0.0,Haas F1 Team,05/09/2021,Dutch Grand Prix,Circuit Park Zandvoort,Zandvoort,Netherlands
Yuki Tsunoda,tsunoda,TSU,19,1:15.783,0.0,AlphaTauri,05/09/2021,Dutch Grand Prix,Circuit Park Zandvoort,Zandvoort,Netherlands
Nikita Mazepin,mazepin,MAZ,20,1:16.066,0.0,Haas F1 Team,05/09/2021,Dutch Grand Prix,Circuit Park Zandvoort,Zandvoort,Netherlands
Daniel Ricciardo,ricciardo,RIC,1,1:24.812,26.0,McLaren,12/09/2021,Italian Grand Prix,Autodromo Nazionale di Monza,Monza,Italy
Lando Norris,norris,NOR,2,1:24.971,18.0,McLaren,12/09/2021,Italian Grand Prix,Autodromo Nazionale di Monza,Monza,Italy
Valtteri Bottas,bottas,BOT,3,1:24.827,15.0,Mercedes,12/09/2021,Italian Grand Prix,Autodromo Nazionale di Monza,Monza,Italy
Charles Leclerc,leclerc,LEC,4,1:25.319,12.0,Ferrari,12/09/2021,Italian Grand Prix,Autodromo Nazionale di Monza,Monza,Italy
Sergio Pérez,perez,PER,5,1:25.156,10.0,Red Bull,12/09/2021,Italian Grand Prix,Autodromo Nazionale di Monza,Monza,Italy
Carlos Sainz,sainz,SAI,6,1:25.559,8.0,Ferrari,12/09/2021,Italian Grand Prix,Autodromo Nazionale di Monza,Monza,Italy
Lance Stroll,stroll,STR,7,1:25.853,6.0,Aston Martin,12/09/2021,Italian Grand Prix,Autodromo Nazionale di Monza,Monza,Italy
Fernando Alonso,alonso,ALO,8,1:25.472,4.0,Alpine F1 Team,12/09/2021,Italian Grand Prix,Autodromo Nazionale di Monza,Monza,Italy
George Russell,russell,RUS,9,1:25.835,2.0,Williams,12/09/2021,Italian Grand Prix,Autodromo Nazionale di Monza,Monza,Italy
Esteban Ocon,ocon,OCO,10,1:25.566,1.0,Alpine F1 Team,12/09/2021,Italian Grand Prix,Autodromo Nazionale di Monza,Monza,Italy
Nicholas Latifi,latifi,LAT,11,1:25.953,0.0,Williams,12/09/2021,Italian Grand Prix,Autodromo Nazionale di Monza,Monza,Italy
Sebastian Vettel,vettel,VET,12,1:25.938,0.0,Aston Martin,12/09/2021,Italian Grand Prix,Autodromo Nazionale di Monza,Monza,Italy
Antonio Giovinazzi,giovinazzi,GIO,13,1:25.718,0.0,Alfa Romeo,12/09/2021,Italian Grand Prix,Autodromo Nazionale di Monza,Monza,Italy
Robert Kubica,kubica,KUB,14,1:25.849,0.0,Alfa Romeo,12/09/2021,Italian Grand Prix,Autodromo Nazionale di Monza,Monza,Italy
Mick Schumacher,mick_schumacher,MSC,15,1:26.707,0.0,Haas F1 Team,12/09/2021,Italian Grand Prix,Autodromo Nazionale di Monza,Monza,Italy
Nikita Mazepin,mazepin,MAZ,16,1:27.202,0.0,Haas F1 Team,12/09/2021,Italian Grand Prix,Autodromo Nazionale di Monza,Monza,Italy
Lewis Hamilton,hamilton,HAM,17,1:25.870,0.0,Mercedes,12/09/2021,Italian Grand Prix,Autodromo Nazionale di Monza,Monza,Italy
Max Verstappen,max_verstappen,VER,18,1:25.173,0.0,Red Bull,12/09/2021,Italian Grand Prix,Autodromo Nazionale di Monza,Monza,Italy
Pierre Gasly,gasly,GAS,19,1:29.005,0.0,AlphaTauri,12/09/2021,Italian Grand Prix,Autodromo Nazionale di Monza,Monza,Italy
Yuki Tsunoda,tsunoda,TSU,20,0,0.0,AlphaTauri,12/09/2021,Italian Grand Prix,Autodromo Nazionale di Monza,Monza,Italy
Lewis Hamilton,hamilton,HAM,1,1:37.575,25.0,Mercedes,26/09/2021,Russian Grand Prix,Sochi Autodrom,Sochi,Russia
Max Verstappen,max_verstappen,VER,2,1:38.396,18.0,Red Bull,26/09/2021,Russian Grand Prix,Sochi Autodrom,Sochi,Russia
Carlos Sainz,sainz,SAI,3,1:39.294,15.0,Ferrari,26/09/2021,Russian Grand Prix,Sochi Autodrom,Sochi,Russia
Daniel Ricciardo,ricciardo,RIC,4,1:39.124,12.0,McLaren,26/09/2021,Russian Grand Prix,Sochi Autodrom,Sochi,Russia
Valtteri Bottas,bottas,BOT,5,1:38.216,10.0,Mercedes,26/09/2021,Russian Grand Prix,Sochi Autodrom,Sochi,Russia
Fernando Alonso,alonso,ALO,6,1:38.686,8.0,Alpine F1 Team,26/09/2021,Russian Grand Prix,Sochi Autodrom,Sochi,Russia
Lando Norris,norris,NOR,7,1:37.423,7.0,McLaren,26/09/2021,Russian Grand Prix,Sochi Autodrom,Sochi,Russia
Kimi Räikkönen,raikkonen,RAI,8,1:40.289,4.0,Alfa Romeo,26/09/2021,Russian Grand Prix,Sochi Autodrom,Sochi,Russia
Sergio Pérez,perez,PER,9,1:39.215,2.0,Red Bull,26/09/2021,Russian Grand Prix,Sochi Autodrom,Sochi,Russia
George Russell,russell,RUS,10,1:40.596,1.0,Williams,26/09/2021,Russian Grand Prix,Sochi Autodrom,Sochi,Russia
Lance Stroll,stroll,STR,11,1:40.464,0.0,Aston Martin,26/09/2021,Russian Grand Prix,Sochi Autodrom,Sochi,Russia
Sebastian Vettel,vettel,VET,12,1:39.251,0.0,Aston Martin,26/09/2021,Russian Grand Prix,Sochi Autodrom,Sochi,Russia
Pierre Gasly,gasly,GAS,13,1:38.279,0.0,AlphaTauri,26/09/2021,Russian Grand Prix,Sochi Autodrom,Sochi,Russia
Esteban Ocon,ocon,OCO,14,1:40.598,0.0,Alpine F1 Team,26/09/2021,Russian Grand Prix,Sochi Autodrom,Sochi,Russia
Charles Leclerc,leclerc,LEC,15,1:38.994,0.0,Ferrari,26/09/2021,Russian Grand Prix,Sochi Autodrom,Sochi,Russia
Antonio Giovinazzi,giovinazzi,GIO,16,1:39.058,0.0,Alfa Romeo,26/09/2021,Russian Grand Prix,Sochi Autodrom,Sochi,Russia
Yuki Tsunoda,tsunoda,TSU,17,1:39.960,0.0,AlphaTauri,26/09/2021,Russian Grand Prix,Sochi Autodrom,Sochi,Russia
Nikita Mazepin,mazepin,MAZ,18,1:41.713,0.0,Haas F1 Team,26/09/2021,Russian Grand Prix,Sochi Autodrom,Sochi,Russia
Nicholas Latifi,latifi,LAT,19,1:40.000,0.0,Williams,26/09/2021,Russian Grand Prix,Sochi Autodrom,Sochi,Russia
Mick Schumacher,mick_schumacher,MSC,20,1:40.276,0.0,Haas F1 Team,26/09/2021,Russian Grand Prix,Sochi Autodrom,Sochi,Russia
Valtteri Bottas,bottas,BOT,1,1:30.432,26.0,Mercedes,10/10/2021,Turkish Grand Prix,Istanbul Park,Istanbul,Turkey
Max Verstappen,max_verstappen,VER,2,1:32.759,18.0,Red Bull,10/10/2021,Turkish Grand Prix,Istanbul Park,Istanbul,Turkey
Sergio Pérez,perez,PER,3,1:32.459,15.0,Red Bull,10/10/2021,Turkish Grand Prix,Istanbul Park,Istanbul,Turkey
Charles Leclerc,leclerc,LEC,4,1:32.737,12.0,Ferrari,10/10/2021,Turkish Grand Prix,Istanbul Park,Istanbul,Turkey
Lewis Hamilton,hamilton,HAM,5,1:32.763,10.0,Mercedes,10/10/2021,Turkish Grand Prix,Istanbul Park,Istanbul,Turkey
Pierre Gasly,gasly,GAS,6,1:32.814,8.0,AlphaTauri,10/10/2021,Turkish Grand Prix,Istanbul Park,Istanbul,Turkey
Lando Norris,norris,NOR,7,1:32.446,6.0,McLaren,10/10/2021,Turkish Grand Prix,Istanbul Park,Istanbul,Turkey
Carlos Sainz,sainz,SAI,8,1:31.921,4.0,Ferrari,10/10/2021,Turkish Grand Prix,Istanbul Park,Istanbul,Turkey
Lance Stroll,stroll,STR,9,1:32.608,2.0,Aston Martin,10/10/2021,Turkish Grand Prix,Istanbul Park,Istanbul,Turkey
Esteban Ocon,ocon,OCO,10,1:34.584,1.0,Alpine F1 Team,10/10/2021,Turkish Grand Prix,Istanbul Park,Istanbul,Turkey
Antonio Giovinazzi,giovinazzi,GIO,11,1:32.904,0.0,Alfa Romeo,10/10/2021,Turkish Grand Prix,Istanbul Park,Istanbul,Turkey
Kimi Räikkönen,raikkonen,RAI,12,1:32.586,0.0,Alfa Romeo,10/10/2021,Turkish Grand Prix,Istanbul Park,Istanbul,Turkey
Daniel Ricciardo,ricciardo,RIC,13,1:33.255,0.0,McLaren,10/10/2021,Turkish Grand Prix,Istanbul Park,Istanbul,Turkey
Yuki Tsunoda,tsunoda,TSU,14,1:32.844,0.0,AlphaTauri,10/10/2021,Turkish Grand Prix,Istanbul Park,Istanbul,Turkey
George Russell,russell,RUS,15,1:33.399,0.0,Williams,10/10/2021,Turkish Grand Prix,Istanbul Park,Istanbul,Turkey
Fernando Alonso,alonso,ALO,16,1:33.252,0.0,Alpine F1 Team,10/10/2021,Turkish Grand Prix,Istanbul Park,Istanbul,Turkey
Nicholas Latifi,latifi,LAT,17,1:33.672,0.0,Williams,10/10/2021,Turkish Grand Prix,Istanbul Park,Istanbul,Turkey
Sebastian Vettel,vettel,VET,18,1:32.730,0.0,Aston Martin,10/10/2021,Turkish Grand Prix,Istanbul Park,Istanbul,Turkey
Mick Schumacher,mick_schumacher,MSC,19,1:34.209,0.0,Haas F1 Team,10/10/2021,Turkish Grand Prix,Istanbul Park,Istanbul,Turkey
Nikita Mazepin,mazepin,MAZ,20,1:35.438,0.0,Haas F1 Team,10/10/2021,Turkish Grand Prix,Istanbul Park,Istanbul,Turkey
Max Verstappen,max_verstappen,VER,1,1:39.096,25.0,Red Bull,24/10/2021,United States Grand Prix,Circuit of the Americas,Austin,USA
Lewis Hamilton,hamilton,HAM,2,1:38.485,19.0,Mercedes,24/10/2021,United States Grand Prix,Circuit of the Americas,Austin,USA
Sergio Pérez,perez,PER,3,1:39.566,15.0,Red Bull,24/10/2021,United States Grand Prix,Circuit of the Americas,Austin,USA
Charles Leclerc,leclerc,LEC,4,1:39.303,12.0,Ferrari,24/10/2021,United States Grand Prix,Circuit of the Americas,Austin,USA
Daniel Ricciardo,ricciardo,RIC,5,1:40.345,10.0,McLaren,24/10/2021,United States Grand Prix,Circuit of the Americas,Austin,USA
Valtteri Bottas,bottas,BOT,6,1:40.147,8.0,Mercedes,24/10/2021,United States Grand Prix,Circuit of the Americas,Austin,USA
Carlos Sainz,sainz,SAI,7,1:40.377,6.0,Ferrari,24/10/2021,United States Grand Prix,Circuit of the Americas,Austin,USA
Lando Norris,norris,NOR,8,1:40.228,4.0,McLaren,24/10/2021,United States Grand Prix,Circuit of the Americas,Austin,USA
Yuki Tsunoda,tsunoda,TSU,9,1:41.151,2.0,AlphaTauri,24/10/2021,United States Grand Prix,Circuit of the Americas,Austin,USA
Sebastian Vettel,vettel,VET,10,1:40.481,1.0,Aston Martin,24/10/2021,United States Grand Prix,Circuit of the Americas,Austin,USA
Antonio Giovinazzi,giovinazzi,GIO,11,1:41.145,0.0,Alfa Romeo,24/10/2021,United States Grand Prix,Circuit of the Americas,Austin,USA
Lance Stroll,stroll,STR,12,1:41.189,0.0,Aston Martin,24/10/2021,United States Grand Prix,Circuit of the Americas,Austin,USA
Kimi Räikkönen,raikkonen,RAI,13,1:41.340,0.0,Alfa Romeo,24/10/2021,United States Grand Prix,Circuit of the Americas,Austin,USA
George Russell,russell,RUS,14,1:41.120,0.0,Williams,24/10/2021,United States Grand Prix,Circuit of the Americas,Austin,USA
Nicholas Latifi,latifi,LAT,15,1:41.818,0.0,Williams,24/10/2021,United States Grand Prix,Circuit of the Americas,Austin,USA
Mick Schumacher,mick_schumacher,MSC,16,1:41.395,0.0,Haas F1 Team,24/10/2021,United States Grand Prix,Circuit of the Americas,Austin,USA
Nikita Mazepin,mazepin,MAZ,17,1:42.886,0.0,Haas F1 Team,24/10/2021,United States Grand Prix,Circuit of the Americas,Austin,USA
Fernando Alonso,alonso,ALO,18,1:40.067,0.0,Alpine F1 Team,24/10/2021,United States Grand Prix,Circuit of the Americas,Austin,USA
Esteban Ocon,ocon,OCO,19,1:42.194,0.0,Alpine F1 Team,24/10/2021,United States Grand Prix,Circuit of the Americas,Austin,USA
Pierre Gasly,gasly,GAS,20,1:42.015,0.0,AlphaTauri,24/10/2021,United States Grand Prix,Circuit of the Americas,Austin,USA
Max Verstappen,max_verstappen,VER,1,1:18.999,25.0,Red Bull,07/11/2021,Mexico City Grand Prix,Autódromo Hermanos Rodríguez,Mexico City,Mexico
Lewis Hamilton,hamilton,HAM,2,1:19.820,18.0,Mercedes,07/11/2021,Mexico City Grand Prix,Autódromo Hermanos Rodríguez,Mexico City,Mexico
Sergio Pérez,perez,PER,3,1:19.468,15.0,Red Bull,07/11/2021,Mexico City Grand Prix,Autódromo Hermanos Rodríguez,Mexico City,Mexico
Pierre Gasly,gasly,GAS,4,1:20.510,12.0,AlphaTauri,07/11/2021,Mexico City Grand Prix,Autódromo Hermanos Rodríguez,Mexico City,Mexico
Charles Leclerc,leclerc,LEC,5,1:20.665,10.0,Ferrari,07/11/2021,Mexico City Grand Prix,Autódromo Hermanos Rodríguez,Mexico City,Mexico
Carlos Sainz,sainz,SAI,6,1:20.081,8.0,Ferrari,07/11/2021,Mexico City Grand Prix,Autódromo Hermanos Rodríguez,Mexico City,Mexico
Sebastian Vettel,vettel,VET,7,1:20.460,6.0,Aston Martin,07/11/2021,Mexico City Grand Prix,Autódromo Hermanos Rodríguez,Mexico City,Mexico
Kimi Räikkönen,raikkonen,RAI,8,1:20.713,4.0,Alfa Romeo,07/11/2021,Mexico City Grand Prix,Autódromo Hermanos Rodríguez,Mexico City,Mexico
Fernando Alonso,alonso,ALO,9,1:20.711,2.0,Alpine F1 Team,07/11/2021,Mexico City Grand Prix,Autódromo Hermanos Rodríguez,Mexico City,Mexico
Lando Norris,norris,NOR,10,1:20.617,1.0,McLaren,07/11/2021,Mexico City Grand Prix,Autódromo Hermanos Rodríguez,Mexico City,Mexico
Antonio Giovinazzi,giovinazzi,GIO,11,1:21.523,0.0,Alfa Romeo,07/11/2021,Mexico City Grand Prix,Autódromo Hermanos Rodríguez,Mexico City,Mexico
Daniel Ricciardo,ricciardo,RIC,12,1:21.069,0.0,McLaren,07/11/2021,Mexico City Grand Prix,Autódromo Hermanos Rodríguez,Mexico City,Mexico
Esteban Ocon,ocon,OCO,13,1:21.348,0.0,Alpine F1 Team,07/11/2021,Mexico City Grand Prix,Autódromo Hermanos Rodríguez,Mexico City,Mexico
Lance Stroll,stroll,STR,14,1:20.930,0.0,Aston Martin,07/11/2021,Mexico City Grand Prix,Autódromo Hermanos Rodríguez,Mexico City,Mexico
Valtteri Bottas,bottas,BOT,15,1:17.774,0.0,Mercedes,07/11/2021,Mexico City Grand Prix,Autódromo Hermanos Rodríguez,Mexico City,Mexico
George Russell,russell,RUS,16,1:22.016,0.0,Williams,07/11/2021,Mexico City Grand Prix,Autódromo Hermanos Rodríguez,Mexico City,Mexico
Nicholas Latifi,latifi,LAT,17,1:21.546,0.0,Williams,07/11/2021,Mexico City Grand Prix,Autódromo Hermanos Rodríguez,Mexico City,Mexico
Nikita Mazepin,mazepin,MAZ,18,1:21.402,0.0,Haas F1 Team,07/11/2021,Mexico City Grand Prix,Autódromo Hermanos Rodríguez,Mexico City,Mexico
Mick Schumacher,mick_schumacher,MSC,19,0,0.0,Haas F1 Team,07/11/2021,Mexico City Grand Prix,Autódromo Hermanos Rodríguez,Mexico City,Mexico
Yuki Tsunoda,tsunoda,TSU,20,0,0.0,AlphaTauri,07/11/2021,Mexico City Grand Prix,Autódromo Hermanos Rodríguez,Mexico City,Mexico
Lewis Hamilton,hamilton,HAM,1,1:11.982,25.0,Mercedes,14/11/2021,São Paulo Grand Prix,Autódromo José Carlos Pace,São Paulo,Brazil
Max Verstappen,max_verstappen,VER,2,1:12.486,18.0,Red Bull,14/11/2021,São Paulo Grand Prix,Autódromo José Carlos Pace,São Paulo,Brazil
Valtteri Bottas,bottas,BOT,3,1:12.526,15.0,Mercedes,14/11/2021,São Paulo Grand Prix,Autódromo José Carlos Pace,São Paulo,Brazil
Sergio Pérez,perez,PER,4,1:11.010,13.0,Red Bull,14/11/2021,São Paulo Grand Prix,Autódromo José Carlos Pace,São Paulo,Brazil
Charles Leclerc,leclerc,LEC,5,1:12.822,10.0,Ferrari,14/11/2021,São Paulo Grand Prix,Autódromo José Carlos Pace,São Paulo,Brazil
Carlos Sainz,sainz,SAI,6,1:12.710,8.0,Ferrari,14/11/2021,São Paulo Grand Prix,Autódromo José Carlos Pace,São Paulo,Brazil
Pierre Gasly,gasly,GAS,7,1:13.227,6.0,AlphaTauri,14/11/2021,São Paulo Grand Prix,Autódromo José Carlos Pace,São Paulo,Brazil
Esteban Ocon,ocon,OCO,8,1:14.430,4.0,Alpine F1 Team,14/11/2021,São Paulo Grand Prix,Autódromo José Carlos Pace,São Paulo,Brazil
Fernando Alonso,alonso,ALO,9,1:13.922,2.0,Alpine F1 Team,14/11/2021,São Paulo Grand Prix,Autódromo José Carlos Pace,São Paulo,Brazil
Lando Norris,norris,NOR,10,1:13.761,1.0,McLaren,14/11/2021,São Paulo Grand Prix,Autódromo José Carlos Pace,São Paulo,Brazil
Sebastian Vettel,vettel,VET,11,1:13.634,0.0,Aston Martin,14/11/2021,São Paulo Grand Prix,Autódromo José Carlos Pace,São Paulo,Brazil
Kimi Räikkönen,raikkonen,RAI,12,1:12.621,0.0,Alfa Romeo,14/11/2021,São Paulo Grand Prix,Autódromo José Carlos Pace,São Paulo,Brazil
George Russell,russell,RUS,13,1:14.355,0.0,Williams,14/11/2021,São Paulo Grand Prix,Autódromo José Carlos Pace,São Paulo,Brazil
Antonio Giovinazzi,giovinazzi,GIO,14,1:14.227,0.0,Alfa Romeo,14/11/2021,São Paulo Grand Prix,Autódromo José Carlos Pace,São Paulo,Brazil
Yuki Tsunoda,tsunoda,TSU,15,1:14.204,0.0,AlphaTauri,14/11/2021,São Paulo Grand Prix,Autódromo José Carlos Pace,São Paulo,Brazil
Nicholas Latifi,latifi,LAT,16,1:14.616,0.0,Williams,14/11/2021,São Paulo Grand Prix,Autódromo José Carlos Pace,São Paulo,Brazil
Nikita Mazepin,mazepin,MAZ,17,1:14.954,0.0,Haas F1 Team,14/11/2021,São Paulo Grand Prix,Autódromo José Carlos Pace,São Paulo,Brazil
Mick Schumacher,mick_schumacher,MSC,18,1:13.793,0.0,Haas F1 Team,14/11/2021,São Paulo Grand Prix,Autódromo José Carlos Pace,São Paulo,Brazil
Daniel Ricciardo,ricciardo,RIC,19,1:14.443,0.0,McLaren,14/11/2021,São Paulo Grand Prix,Autódromo José Carlos Pace,São Paulo,Brazil
Lance Stroll,stroll,STR,20,1:15.344,0.0,Aston Martin,14/11/2021,São Paulo Grand Prix,Autódromo José Carlos Pace,São Paulo,Brazil
Lewis Hamilton,hamilton,HAM,1,1:25.084,25.0,Mercedes,21/11/2021,Qatar Grand Prix,Losail International Circuit,Al Daayen,Qatar
Max Verstappen,max_verstappen,VER,2,1:23.196,19.0,Red Bull,21/11/2021,Qatar Grand Prix,Losail International Circuit,Al Daayen,Qatar
Fernando Alonso,alonso,ALO,3,1:26.682,15.0,Alpine F1 Team,21/11/2021,Qatar Grand Prix,Losail International Circuit,Al Daayen,Qatar
Sergio Pérez,perez,PER,4,1:25.613,12.0,Red Bull,21/11/2021,Qatar Grand Prix,Losail International Circuit,Al Daayen,Qatar
Esteban Ocon,ocon,OCO,5,1:27.061,10.0,Alpine F1 Team,21/11/2021,Qatar Grand Prix,Losail International Circuit,Al Daayen,Qatar
Lance Stroll,stroll,STR,6,1:27.356,8.0,Aston Martin,21/11/2021,Qatar Grand Prix,Losail International Circuit,Al Daayen,Qatar
Carlos Sainz,sainz,SAI,7,1:26.570,6.0,Ferrari,21/11/2021,Qatar Grand Prix,Losail International Circuit,Al Daayen,Qatar
Charles Leclerc,leclerc,LEC,8,1:26.555,4.0,Ferrari,21/11/2021,Qatar Grand Prix,Losail International Circuit,Al Daayen,Qatar
Lando Norris,norris,NOR,9,1:25.746,2.0,McLaren,21/11/2021,Qatar Grand Prix,Losail International Circuit,Al Daayen,Qatar
Sebastian Vettel,vettel,VET,10,1:26.434,1.0,Aston Martin,21/11/2021,Qatar Grand Prix,Losail International Circuit,Al Daayen,Qatar
Pierre Gasly,gasly,GAS,11,1:27.019,0.0,AlphaTauri,21/11/2021,Qatar Grand Prix,Losail International Circuit,Al Daayen,Qatar
Daniel Ricciardo,ricciardo,RIC,12,1:27.198,0.0,McLaren,21/11/2021,Qatar Grand Prix,Losail International Circuit,Al Daayen,Qatar
Yuki Tsunoda,tsunoda,TSU,13,1:27.043,0.0,AlphaTauri,21/11/2021,Qatar Grand Prix,Losail International Circuit,Al Daayen,Qatar
Kimi Räikkönen,raikkonen,RAI,14,1:26.358,0.0,Alfa Romeo,21/11/2021,Qatar Grand Prix,Losail International Circuit,Al Daayen,Qatar
Antonio Giovinazzi,giovinazzi,GIO,15,1:27.823,0.0,Alfa Romeo,21/11/2021,Qatar Grand Prix,Losail International Circuit,Al Daayen,Qatar
Mick Schumacher,mick_schumacher,MSC,16,1:28.412,0.0,Haas F1 Team,21/11/2021,Qatar Grand Prix,Losail International Circuit,Al Daayen,Qatar
George Russell,russell,RUS,17,1:25.768,0.0,Williams,21/11/2021,Qatar Grand Prix,Losail International Circuit,Al Daayen,Qatar
Nikita Mazepin,mazepin,MAZ,18,1:27.340,0.0,Haas F1 Team,21/11/2021,Qatar Grand Prix,Losail International Circuit,Al Daayen,Qatar
Nicholas Latifi,latifi,LAT,19,1:28.732,0.0,Williams,21/11/2021,Qatar Grand Prix,Losail International Circuit,Al Daayen,Qatar
Valtteri Bottas,bottas,BOT,20,1:27.246,0.0,Mercedes,21/11/2021,Qatar Grand Prix,Losail International Circuit,Al Daayen,Qatar
Lewis Hamilton,hamilton,HAM,1,1:30.734,26.0,Mercedes,05/12/2021,Saudi Arabian Grand Prix,Jeddah Corniche Circuit,Jeddah,Saudi Arabia
Max Verstappen,max_verstappen,VER,2,1:31.488,18.0,Red Bull,05/12/2021,Saudi Arabian Grand Prix,Jeddah Corniche Circuit,Jeddah,Saudi Arabia
Valtteri Bottas,bottas,BOT,3,1:31.408,15.0,Mercedes,05/12/2021,Saudi Arabian Grand Prix,Jeddah Corniche Circuit,Jeddah,Saudi Arabia
Esteban Ocon,ocon,OCO,4,1:31.797,12.0,Alpine F1 Team,05/12/2021,Saudi Arabian Grand Prix,Jeddah Corniche Circuit,Jeddah,Saudi Arabia
Daniel Ricciardo,ricciardo,RIC,5,1:32.716,10.0,McLaren,05/12/2021,Saudi Arabian Grand Prix,Jeddah Corniche Circuit,Jeddah,Saudi Arabia
Pierre Gasly,gasly,GAS,6,1:32.297,8.0,AlphaTauri,05/12/2021,Saudi Arabian Grand Prix,Jeddah Corniche Circuit,Jeddah,Saudi Arabia
Charles Leclerc,leclerc,LEC,7,1:31.601,6.0,Ferrari,05/12/2021,Saudi Arabian Grand Prix,Jeddah Corniche Circuit,Jeddah,Saudi Arabia
Carlos Sainz,sainz,SAI,8,1:31.851,4.0,Ferrari,05/12/2021,Saudi Arabian Grand Prix,Jeddah Corniche Circuit,Jeddah,Saudi Arabia
Antonio Giovinazzi,giovinazzi,GIO,9,1:32.865,2.0,Alfa Romeo,05/12/2021,Saudi Arabian Grand Prix,Jeddah Corniche Circuit,Jeddah,Saudi Arabia
Lando Norris,norris,NOR,10,1:31.914,1.0,McLaren,05/12/2021,Saudi Arabian Grand Prix,Jeddah Corniche Circuit,Jeddah,Saudi Arabia
Lance Stroll,stroll,STR,11,1:32.804,0.0,Aston Martin,05/12/2021,Saudi Arabian Grand Prix,Jeddah Corniche Circuit,Jeddah,Saudi Arabia
Nicholas Latifi,latifi,LAT,12,1:32.751,0.0,Williams,05/12/2021,Saudi Arabian Grand Prix,Jeddah Corniche Circuit,Jeddah,Saudi Arabia
Fernando Alonso,alonso,ALO,13,1:31.633,0.0,Alpine F1 Team,05/12/2021,Saudi Arabian Grand Prix,Jeddah Corniche Circuit,Jeddah,Saudi Arabia
Yuki Tsunoda,tsunoda,TSU,14,1:32.506,0.0,AlphaTauri,05/12/2021,Saudi Arabian Grand Prix,Jeddah Corniche Circuit,Jeddah,Saudi Arabia
Kimi Räikkönen,raikkonen,RAI,15,1:32.778,0.0,Alfa Romeo,05/12/2021,Saudi Arabian Grand Prix,Jeddah Corniche Circuit,Jeddah,Saudi Arabia
Sebastian Vettel,vettel,VET,16,1:34.030,0.0,Aston Martin,05/12/2021,Saudi Arabian Grand Prix,Jeddah Corniche Circuit,Jeddah,Saudi Arabia
Sergio Pérez,perez,PER,17,1:34.138,0.0,Red Bull,05/12/2021,Saudi Arabian Grand Prix,Jeddah Corniche Circuit,Jeddah,Saudi Arabia
Nikita Mazepin,mazepin,MAZ,18,1:37.043,0.0,Haas F1 Team,05/12/2021,Saudi Arabian Grand Prix,Jeddah Corniche Circuit,Jeddah,Saudi Arabia
George Russell,russell,RUS,19,1:36.130,0.0,Williams,05/12/2021,Saudi Arabian Grand Prix,Jeddah Corniche Circuit,Jeddah,Saudi Arabia
Mick Schumacher,mick_schumacher,MSC,20,1:36.043,0.0,Haas F1 Team,05/12/2021,Saudi Arabian Grand Prix,Jeddah Corniche Circuit,Jeddah,Saudi Arabia
Max Verstappen,max_verstappen,VER,1,1:26.103,26.0,Red Bull,12/12/2021,Abu Dhabi Grand Prix,Yas Marina Circuit,Abu Dhabi,UAE
Lewis Hamilton,hamilton,HAM,2,1:26.615,18.0,Mercedes,12/12/2021,Abu Dhabi Grand Prix,Yas Marina Circuit,Abu Dhabi,UAE
Carlos Sainz,sainz,SAI,3,1:27.618,15.0,Ferrari,12/12/2021,Abu Dhabi Grand Prix,Yas Marina Circuit,Abu Dhabi,UAE
Yuki Tsunoda,tsunoda,TSU,4,1:27.496,12.0,AlphaTauri,12/12/2021,Abu Dhabi Grand Prix,Yas Marina Circuit,Abu Dhabi,UAE
Pierre Gasly,gasly,GAS,5,1:27.342,10.0,AlphaTauri,12/12/2021,Abu Dhabi Grand Prix,Yas Marina Circuit,Abu Dhabi,UAE
Valtteri Bottas,bottas,BOT,6,1:26.862,8.0,Mercedes,12/12/2021,Abu Dhabi Grand Prix,Yas Marina Circuit,Abu Dhabi,UAE
Lando Norris,norris,NOR,7,1:26.762,6.0,McLaren,12/12/2021,Abu Dhabi Grand Prix,Yas Marina Circuit,Abu Dhabi,UAE
Fernando Alonso,alonso,ALO,8,1:27.607,4.0,Alpine F1 Team,12/12/2021,Abu Dhabi Grand Prix,Yas Marina Circuit,Abu Dhabi,UAE
Esteban Ocon,ocon,OCO,9,1:28.249,2.0,Alpine F1 Team,12/12/2021,Abu Dhabi Grand Prix,Yas Marina Circuit,Abu Dhabi,UAE
Charles Leclerc,leclerc,LEC,10,1:28.433,1.0,Ferrari,12/12/2021,Abu Dhabi Grand Prix,Yas Marina Circuit,Abu Dhabi,UAE
Sebastian Vettel,vettel,VET,11,1:28.303,0.0,Aston Martin,12/12/2021,Abu Dhabi Grand Prix,Yas Marina Circuit,Abu Dhabi,UAE
Daniel Ricciardo,ricciardo,RIC,12,1:28.723,0.0,McLaren,12/12/2021,Abu Dhabi Grand Prix,Yas Marina Circuit,Abu Dhabi,UAE
Lance Stroll,stroll,STR,13,1:28.567,0.0,Aston Martin,12/12/2021,Abu Dhabi Grand Prix,Yas Marina Circuit,Abu Dhabi,UAE
Mick Schumacher,mick_schumacher,MSC,14,1:29.457,0.0,Haas F1 Team,12/12/2021,Abu Dhabi Grand Prix,Yas Marina Circuit,Abu Dhabi,UAE
Sergio Pérez,perez,PER,15,1:26.419,0.0,Red Bull,12/12/2021,Abu Dhabi Grand Prix,Yas Marina Circuit,Abu Dhabi,UAE
Nicholas Latifi,latifi,LAT,16,1:29.293,0.0,Williams,12/12/2021,Abu Dhabi Grand Prix,Yas Marina Circuit,Abu Dhabi,UAE
Antonio Giovinazzi,giovinazzi,GIO,17,1:29.442,0.0,Alfa Romeo,12/12/2021,Abu Dhabi Grand Prix,Yas Marina Circuit,Abu Dhabi,UAE
George Russell,russell,RUS,18,1:30.647,0.0,Williams,12/12/2021,Abu Dhabi Grand Prix,Yas Marina Circuit,Abu Dhabi,UAE
Kimi Räikkönen,raikkonen,RAI,19,1:29.698,0.0,Alfa Romeo,12/12/2021,Abu Dhabi Grand Prix,Yas Marina Circuit,Abu Dhabi,UAE
Nikita Mazepin,mazepin,MAZ,20,0,0.0,Haas F1 Team,12/12/2021,Abu Dhabi Grand Prix,Yas Marina Circuit,Abu Dhabi,UAE
